Luxury Tax,3787
Mediterranean Avenue,3705
Electric Company,4127
Short Line,3854
Park Place,3748
Chance #3,3900
Boardwalk,3779
Chance #1,4419
Go To Jail,3936
Chance #2,4082
Indiana Avenue,4130
Connecticut Avenue,4210
Income Tax,3955
Kentucky Avenue,4020
Atlantic Avenue,3923
Ventnor Avenue,3972
Marvin Gardens,3972
Pennsylvania Railroad,4249
Pacific Avenue,3887
Illinois Avenue,4036
North Carolina Avenue,3863
St. Charles Place,4193
Pennsylvania Avenue,3903
Community Chest #3,3794
Community Chest #2,4090
Community Chest #1,3890
GO,3833
Reading Railroad,4041
Virginia Avenue,4087
Baltic Avenue,3910
In Jail / Just Visiting,4215
B_O Railroad,3944
Vermont Avenue,4321
Tennessee Avenue,4030
St. James Place,4131
New York Avenue,4028
Oriental Avenue,4180
States Avenue,4053
Water Works,3895
Free Parking,4026
